Workbook

Sheet Frazaro
B1: # The aggregates by criteria's fixture (KERNEL.8, slice e): a Data sheet of twelve records under names in row 1 (an | C1: OK
B2: # account, one blank and one in lower case; a month, one a text spelling 3; a region, its cases mixed; an amount; a | C2: OK
B3: # quantity; a note of wildcards, an empty text, texts beginning alike and texts spelling numbers; a mixed column of a | C3: OK
B4: # truth value, a text spelling 5, two errors and a blank; a day), criteria ranges for the database functions in K | C4: OK
B5: # to AL, and a SUBTOTAL among the cells it sums in X; a Far sheet of three keys and a cell below them in another | C5: OK
B6: # column; and a Functions sheet of one formula a function and a rule: the aggregates and their newer names, SUBTOTAL | C6: OK
B7: # by every number, SUMIFS, COUNTIFS, AVERAGEIF, AVERAGEIFS, MAXIFS and MINIFS, and the twelve database functions, | C7: OK
B8: # the edges Excel's documentation is silent on among them, and the reach of the rules Excel's first save settled. | C8: OK
B9: # Built by frazaro into criteria.xlsx (each value it computes held). The owner hides the Data sheet's row 6 in | C9: OK
B10: # Excel and saves it as criteria_saved.xlsx: SUBTOTAL's 101 to 111 pass that row by, and its 1 to 11 over it are | C10: OK
B11: # labelled. | C11: OK
B13: Work on sheet Data. | C13: OK
... B402: Put formula "=DSUM(Data!A1:H13,""Amount"",Data!K13:K15)" into cell A219. | C402: OK

Sheet data
A1: Account | B1: Month | C1: Region | D1: Amount | E1: Qty | F1: Note | G1: Mixed | H1: Day | K1: Region | L1: Note | M1: Note | N1: Month | O1: Account | P1: Month | Q1: Account | R1: Account | S1: region | T1: Nope | U1: Big | W1: Account | X1: 1 | Y1: Note | Z1: Note | AA1: Note | AB1: Amount | AC1: Amount | AD1: Amount | AE1: Account | AF1: Account | AG1: Account | AH1: Mixed | AI1: Account | AJ1: Month | AK1: Mixed | AL1: Amount
A2: Cash | B2: 1 | C2: East | D2: 100 | E2: 5 | F2: plain | G2: 1 | H2: 46023 | K2: East | L2: Dav | M2: =Dav | N2: 3 | O2: Cash | P2: 3 | Q2: Card | R2: Cash | S2: west | T2: x | U2: =data!D2>100 -> FALSE | W2: Nope | X2: 2 | Y2: Dav* | Z2: *vi* | AA2: D?v | AB2: 10 | AC2: 10 | AD2: >100 | AE2: <>Cash | AF2: = | AG2: <> | AH2: =TRUE -> TRUE | AI2: Cash | AJ2: 3 | AK2: >1 | AL2: 300
A3: Bank | B3: 1 | C3: West | D3: 250.5 | E3: 3 | F3: a*b | G3: =TRUE -> TRUE | H3: 46024 | Q3: Bank | X3: =SUBTOTAL(9,X1:X2) -> 3 | AI3: Card
A4: Cash | B4: 2 | C4: east | D4: 75 | E4: 2 | F4: a?b | G4: 5 | H4: 46054 | X4: =SUBTOTAL(9,X1:X2)*2 -> 6
A5: Card | B5: 2 | C5: North | D5: 40 | E5: 1 | F5: ~tilde | G5: =1/0 -> #DIV/0! | H5: 46055 | X5: =SUM(X1:X2) -> 3
A6: Bank | B6: 3 | C6: West | D6: 300 | E6: 4 | H6: 46082
A7: Cash | B7: 3 | C7: East | D7: 125 | E7: 6 | F7: ="" | G7: 2 | H7: 46083
A8: Card | B8: 1 | C8: South | D8: -20 | E8: 7 | F8: Dav | G8: ="a"+1 -> #VALUE! | H8: 46025
A9: Cash | B9: 12 | C9: East | D9: 10 | E9: 0 | F9: Davolio | G9: 3 | H9: 46357
B10: 2 | C10: West | D10: 60 | E10: 2 | F10: David | G10: 4 | H10: 46056
A11: bank | B11: 2 | C11: WEST | D11: 0.1 | E11: 1 | F11: davis | G11: 5 | H11: 46057
A12: Cash | B12: 3 | C12: East | D12: 0.2 | E12: 9 | F12: 100 | G12: 6 | H12: 46084
A13: Card | B13: 3 | C13: North | D13: 55 | E13: 3 | F13: 1e2 | G13: 7 | H13: 46085

Sheet far
A1: Key | E1: Key
A2: x | E2: =
A3: y
C9: 1

Sheet functions
A1: =COUNT(data!D2:D13) -> 12
A2: =COUNT(data!G2:G13) -> 7
A3: =COUNT(1,TRUE,"2","x",1/0) -> 3
A4: =COUNT(1,,2) -> 3
A5: =COUNT(1/0) -> 0
A6: =COUNT(data!J1) -> 0
A7: =COUNTA(data!F2:F13) -> 11
A8: =COUNTA(1,"",TRUE,1/0) -> 4
A9: =COUNTA(data!J1) -> 0
A10: =COUNTA(data!F7) -> 1
A11: =COUNTA(1,,2) -> 3
A12: =PRODUCT(data!E2:E5) -> 30
A13: =PRODUCT(data!G2:G13) -> #DIV/0!
A14: =PRODUCT(2,"3",TRUE) -> 6
A15: =PRODUCT("x") -> #VALUE!
A16: =PRODUCT(data!J1:J2) -> 0
A17: =PRODUCT(data!D2:D13) -> -3.719925e+16
A18: =AVERAGE(data!E2:E13) -> 3.5833333
A19: =AVERAGE(1,"2",TRUE) -> 1.3333333
A20: =AVERAGE(data!J1:J2) -> #DIV/0!
A21: =AVERAGE(1,,2) -> 1
A22: =AVERAGE("x") -> #VALUE!
A23: =AVERAGE(TRUE) -> 1
A24: =AVERAGE(data!D2:D13) -> 82.983333
A25: =VAR(1,2,3,4) -> 1.6666667
A26: =_xlfn.VAR.S(1,2,3,4) -> 1.6666667
A27: =VARP(1,2,3,4) -> 1.25
A28: =_xlfn.VAR.P(1,2,3,4) -> 1.25
A29: =STDEV(1,2,3,4) -> 1.2909944
A30: =_xlfn.STDEV.S(1,2,3,4) -> 1.2909944
A31: =STDEVP(1,2,3,4) -> 1.118034
A32: =_xlfn.STDEV.P(1,2,3,4) -> 1.118034
A33: =STDEV(5) -> #DIV/0!
A34: =STDEVP(5) -> 0
A35: =VARP(data!J1) -> #DIV/0!
A36: =VAR(1000000001,1000000002,1000000003) -> 1
A37: =VAR(1000000000000000+1,1000000000000000+2,1000000000000000+3) -> 1
A38: =VAR(0.1,0.2,0.3) -> 0.01
A39: =STDEV(0.1,0.2,0.3) -> 0.1
A40: =STDEV(data!E2:E13) -> 2.7122059
A41: =STDEVP(data!E2:E13) -> 2.5967394
A42: =VAR(data!D2:D13) -> 10008.227
A43: =VARP(data!D2:D13) -> 9174.2081
A44: =_xlfn.STDEV.S(data!D2:D13) -> 100.04113
A45: =_xlfn.STDEV.P(data!D2:D13) -> 95.782086
A46: =STDEV(data!G2:G13) -> #DIV/0!
A47: =VAR(data!H2:H13) -> 8049.7197
A48: =SUBTOTAL(1,data!D2:D13) -> 82.983333
A49: =SUBTOTAL(2,data!D2:D13) -> 12
A50: =SUBTOTAL(3,data!D2:D13) -> 12
A51: =SUBTOTAL(4,data!D2:D13) -> 300
A52: =SUBTOTAL(5,data!D2:D13) -> -20
A53: =SUBTOTAL(6,data!D2:D13) -> -3.719925e+16
A54: =SUBTOTAL(7,data!D2:D13) -> 100.04113
A55: =SUBTOTAL(8,data!D2:D13) -> 95.782086
A56: =SUBTOTAL(9,data!D2:D13) -> 995.8
A57: =SUBTOTAL(10,data!D2:D13) -> 10008.227
A58: =SUBTOTAL(11,data!D2:D13) -> 9174.2081
A59: =SUBTOTAL(101,data!D2:D13) -> 63.254545
A60: =SUBTOTAL(102,data!D2:D13) -> 11
A61: =SUBTOTAL(103,data!D2:D13) -> 11
A62: =SUBTOTAL(104,data!D2:D13) -> 250.5
A63: =SUBTOTAL(105,data!D2:D13) -> -20
A64: =SUBTOTAL(106,data!D2:D13) -> -123997500000000
A65: =SUBTOTAL(107,data!D2:D13) -> 76.62427
A66: =SUBTOTAL(108,data!D2:D13) -> 73.058375
A67: =SUBTOTAL(109,data!D2:D13) -> 695.8
A68: =SUBTOTAL(110,data!D2:D13) -> 5871.2787
A69: =SUBTOTAL(111,data!D2:D13) -> 5337.5261
A70: =SUBTOTAL(102,data!G2:G13) -> 7
A71: =SUBTOTAL(103,data!A2:A13) -> 10
A72: =SUBTOTAL(103,data!F2:F13) -> 11
A73: =SUBTOTAL(9,data!D2:D5) -> 465.5
A74: =SUBTOTAL(109,data!D2:D13,data!E2:E13) -> 734.8
A75: =SUBTOTAL(9,data!X1:X5) -> 6
A76: =SUBTOTAL(109,data!X1:X5) -> 6
A77: =SUBTOTAL(9,data!G2:G13) -> #DIV/0!
A78: =SUBTOTAL(109,data!G2:G13) -> #DIV/0!
A79: =SUBTOTAL(0,data!D2:D3) -> #VALUE!
A80: =SUBTOTAL(12,data!D2:D3) -> #VALUE!
A81: =SUBTOTAL(100,data!D2:D3) -> #VALUE!
A82: =SUBTOTAL(112,data!D2:D3) -> #VALUE!
A83: =SUBTOTAL(-9,data!D2:D3) -> #VALUE!
A84: =SUBTOTAL(9.7,data!D2:D3) -> 350.5
A85: =SUBTOTAL("9",data!D2:D3) -> 350.5
A86: =COUNTIF(data!F2:F13,"~~*") -> 1
A87: =SUBTOTAL(109,data!D2:H2) -> 46129
A88: =SUBTOTAL(109,data!D6:H6) -> 0
A89: =SUBTOTAL(9,data!D6) -> 300
A90: =SUBTOTAL(9,data!D7:H7) -> 46216
A91: =SUMIFS(data!D2:D13,data!A2:A13,"Cash") -> 310.2
A92: =SUMIFS(data!D2:D13,data!A2:A13,"Cash",data!B2:B13,3) -> 125.2
A93: =SUMIFS(data!D2:D13,data!A2:A13,"Cash",data!B2:B13,">1") -> 210.2
A94: =SUMIFS(data!D2:D13,data!C2:C13,"east") -> 310.2
A95: =SUMIFS(data!D2:D13,data!A2:A13,"B*") -> 550.6
A96: =SUMIFS(data!D2:D13,data!A2:A13,"?a??") -> 935.8
A97: =SUMIFS(data!D2:D13,data!A2:A13,"") -> 60
A98: =SUMIFS(data!D2:D13,data!A2:A13,"=") -> 60
A99: =SUMIFS(data!D2:D13,data!A2:A13,"<>") -> 935.8
A100: =SUMIFS(data!D2:D13,data!B2:B13,"3") -> 480.2
...
