Workbook

Sheet Frazaro
B1: # Implicit intersection's fixture (KERNEL.8, slice b): a Data sheet of a column, a row and a block, and formulas | C1: OK
B2: # reading them where one value is wanted, as the writer writes each kind. On the Legacy sheet no formula calls a | C2: OK
B3: # function that can return an array, so each is a legacy formula, met at its cell: a column at the formula's row, a | C3: OK
B4: # row at its column, a block at both, inside each and past it, through an operator, a condition, a sign, a whole | C4: OK
B5: # column and a whole row, a span of sheets alone and through SINGLE, and SINGLE, Excel's @, which the writer | C5: OK
B6: # spells _xlfn.SINGLE (unprefixed, Excel's first save read it as a function of no add-in, #NAME?). On the Dynamic | C6: OK
B7: # sheet each formula calls CHOOSE, | C7: OK
B8: # INDEX or LOOKUP, so the writer writes it as a dynamic-array formula: a range there is an array, labelled until | C8: OK
B9: # arrays come, each with room below or beside it to spill into, and SINGLE meets it at the cell all the same. | C9: OK
B10: # Built by frazaro into intersect.xlsx (each value it computes held); the owner's save of it is intersect_saved.xlsx. | C10: OK
B12: Work on sheet Data. | C12: OK
B13: Put 10 into cell A1. | C13: OK
... B72: Put formula "=LOOKUP(30,Data!A1:A8)" into cell I1. | C72: OK

Sheet data
A1: 10 | B1: 1 | C1: 2 | D1: 3 | E1: 4 | F1: 5
A2: 20
A3: 30
A4: 40
A5: 50
A6: 60
A7: 70
A8: 80
D10: 100 | E10: 101 | F10: 102
D11: 110 | E11: 111 | F11: 112
D12: 120 | E12: 121 | F12: 122

Sheet other
A1: 7

Sheet legacy
C1: =data!A1:A8 -> 10
C2: =SUM(data!A1:A8) -> 360 | D2: =data!B1:F1 -> 3 | H2: =data!B1:F1 -> #VALUE!
C3: =data!A1:A8 -> 30 | D3: =ROW(_xlfn.SINGLE(data!A1:A8)) -> 3
C4: =data!A1:A8*2 -> 80 | F4: =data!1:1 -> 5
B5: =data:other!A1 -> #REF! | C5: =IF(data!A1:A8>40,"big","small") -> big | D5: =MAX(data!A1:A8)+data!A1:A8 -> 130
B6: =data:other!A1 -> #REF! | C6: =data!A:A+1 -> 61
C7: =ABS(-data!A1:A8) -> 70
C8: =data!A1:A8&"x" -> 80x
C9: =data!A1:A8 -> #VALUE!
C10: =data!A1:A8 -> #VALUE!
E11: =data!D10:F12 -> 111 | G11: =data!D10:F12 -> #VALUE!
C12: =SUM(data!A1:A8)-data!A1:A8 -> #VALUE!
E13: =data!D10:F12 -> #VALUE!

Sheet dynamic
A1: {=CHOOSE(1,data!A1:A8)} -> 10 | C1: {=INDEX(data!A1:C8,0,1)} -> 10 | E1: {=CHOOSE(1,_xlfn.SINGLE(data!A1:A8))} -> 10 | I1: {=LOOKUP(30,data!A1:A8)} -> 30
A2: 20 | C2: 20 | H2: {=CHOOSE(1,data!B1:F1)+0} -> 1 | I2: 2 | J2: 3 | K2: 4 | L2: 5
A3: 30 | C3: 30 | G3: {=_xlfn.SINGLE(INDEX(data!A1:C8,0,1))} -> 30
A4: 40 | C4: 40 | E4: {=CHOOSE(1,_xlfn.SINGLE(data!A1:A8))} -> 40
A5: 50 | C5: 50 | F5: {=INDEX(data!A1:C8,5,1)} -> 50
A6: 60 | C6: 60
A7: 70 | C7: 70
A8: 80 | C8: 80
E9: {=CHOOSE(1,_xlfn.SINGLE(data!A1:A8))} -> #VALUE!
G10: {=_xlfn.SINGLE(INDEX(data!A1:C8,0,1))} -> #VALUE!
