Workbook

Sheet Frazaro
B1: # The lookups' fixture (KERNEL.8, slice a): one formula per function, mode and rule the slice computes, over a | C1: OK
B2: # Table sheet of vectors: ascending, descending, texts in two cases (letters alone, so that every rule orders them | C2: OK
B3: # alike), every kind with an empty cell, an error and duplicates, and unsorted vectors on which the bisection's | C3: OK
B4: # candidate rules answer differently. The Criteria sheet holds SUMIF and COUNTIF over the equality an index keys and | C4: OK
B5: # the sizes and patterns the scan answers, an error in a sum range at a row met and at a row not met, and the two | C5: OK
B6: # questions the equality turns on: a letter's case beyond ASCII, and two numbers equal to fifteen digits alone. | C6: OK
B7: # Built by frazaro into lookups.xlsx (each value it computes held); the owner's save of it is lookups_saved.xlsx. | C7: OK
B9: Work on sheet Table. | C9: OK
B10: Put 10 into cell A1. | C10: OK
B11: Put 20 into cell A2. | C11: OK
B12: Put 30 into cell A3. | C12: OK
B13: Put 40 into cell A4. | C13: OK
... B279: Put formula "=COUNTIF(A1:A12,""<15"")" into cell H38. | C279: OK

Sheet table
A1: 10 | B1: r1 | C1: 80 | D1: apple | E1: 5 | F1: 50 | G1: 10
A2: 20 | B2: r2 | C2: 70 | D2: Banana | E2: 5 | F2: 10 | G2: x
A3: 30 | B3: r3 | C3: 60 | D3: cherry | E3: =TRUE -> TRUE | F3: 70 | G3: 20
A4: 40 | B4: r4 | C4: 50 | D4: Date | F4: 20 | G4: y
A5: 50 | B5: r5 | C5: 40 | D5: elder | E5: =1/0 -> #DIV/0! | F5: 80 | G5: 30
A6: 60 | B6: r6 | C6: 30 | D6: Fig | E6: 5 | F6: 30 | G6: =TRUE -> TRUE
A7: 70 | B7: r7 | C7: 20 | D7: grape | E7: x | F7: 60 | G7: 40
A8: 80 | B8: r8 | C8: 10 | D8: Hazel | E8: X | F8: 40
E9: 0 | G9: 50
E10: =FALSE -> FALSE
A12: 1 | B12: 2 | C12: 3 | D12: 4 | E12: 5 | F12: 6 | G12: 7 | H12: 8
A13: one | B13: two | C13: three | D13: four | E13: five | F13: six | G13: seven | H13: eight

Sheet lookups
A1: =MATCH(30,table!A1:A8,0) -> 3
A2: =MATCH(35,table!A1:A8,1) -> 3
A3: =MATCH(35,table!A1:A8) -> 3
A4: =MATCH(5,table!A1:A8) -> #N/A
A5: =MATCH(99,table!A1:A8) -> 8
A6: =MATCH(35,table!C1:C8,-1) -> 5
A7: =MATCH(5,table!C1:C8,-1) -> 8
A8: =MATCH(99,table!C1:C8,-1) -> #N/A
A9: =MATCH("BANANA",table!D1:D8,0) -> 2
A10: =MATCH("b*",table!D1:D8,0) -> 2
A11: =MATCH("?ig",table!D1:D8,0) -> 6
A12: =MATCH("*e*",table!D1:D8,0) -> 1
A13: =MATCH("cherrz",table!D1:D8,1) -> 3
A14: =MATCH("5",table!E1:E10,0) -> 2
A15: =MATCH(5,table!E1:E10,0) -> 1
A16: =MATCH(TRUE,table!E1:E10,0) -> 3
A17: =MATCH("X",table!E1:E10,0) -> 7
A18: =MATCH(0,table!E1:E10,0) -> 9
A19: =MATCH(FALSE,table!E1:E10,0) -> 10
A20: =MATCH(30,table!A1:B8,0) -> #N/A
A21: =MATCH(35,table!A1:A8,) -> #N/A
A22: =MATCH(3,table!A12:H12,0) -> 3
A23: =MATCH(45,table!F1:F8,1) -> 6
A24: =MATCH(25,table!F1:F8,1) -> 4
A25: =MATCH(65,table!F1:F8) -> 8
A26: =MATCH(15,table!F1:F8,-1) -> 1
A27: =MATCH(35,table!G1:G9,1) -> 5
A28: =MATCH("xa",table!G1:G9,1) -> 2
A29: =MATCH(TRUE,table!G1:G9,1) -> 6
A30: =MATCH(table!E5,table!A1:A8,0) -> #DIV/0!
A31: =_xlfn.XMATCH("banana",table!D1:D8) -> 2
A32: =_xlfn.XMATCH(35,table!A1:A8) -> #N/A
A33: =_xlfn.XMATCH(35,table!A1:A8,1) -> 4
A34: =_xlfn.XMATCH(35,table!A1:A8,-1) -> 3
A35: =_xlfn.XMATCH(35,table!A1:A8,1,2) -> 4
A36: =_xlfn.XMATCH(35,table!A1:A8,-1,2) -> 3
A37: =_xlfn.XMATCH(35,table!C1:C8,1,-2) -> 5
A38: =_xlfn.XMATCH(35,table!C1:C8,-1,-2) -> 6
A39: =_xlfn.XMATCH("c*",table!D1:D8,2) -> 3
A40: =_xlfn.XMATCH("c*",table!D1:D8) -> #N/A
A41: =_xlfn.XMATCH(5,table!E1:E10,0,-1) -> 6
A42: =_xlfn.XMATCH(45,table!F1:F8,1) -> 1
A43: =_xlfn.XMATCH(45,table!F1:F8,-1) -> 8
A44: =_xlfn.XMATCH(45,table!F1:F8,1,2) -> 7
A45: =_xlfn.XMATCH(45,table!F1:F8,-1,2) -> 6
A46: =_xlfn.XMATCH(30,table!A1:A8,3) -> 3
A47: =_xlfn.XMATCH(30,table!A1:A8,0,3) -> #VALUE!
A48: =_xlfn.XMATCH("c*",table!D1:D8,2,2) -> #VALUE!
A49: =_xlfn.XMATCH(30,table!A1:B8) -> #VALUE!
A50: =_xlfn.XMATCH(4,table!A12:H12) -> 4
A51: =_xlfn.XMATCH(0,table!E1:E10) -> 9
A52: =_xlfn.XMATCH("x",table!E1:E10,0,-1) -> 8
A53: =VLOOKUP(30,table!A1:B8,2,FALSE) -> r3
A54: =VLOOKUP(35,table!A1:B8,2) -> r3
A55: =VLOOKUP(35,table!A1:B8,2,TRUE) -> r3
A56: =VLOOKUP(35,table!A1:B8,2,FALSE) -> #N/A
A57: =VLOOKUP(35,table!A1:B8,2,) -> #N/A
A58: =VLOOKUP(30,table!A1:B8,3,FALSE) -> #REF!
A59: =VLOOKUP(30,table!A1:B8,0,FALSE) -> #VALUE!
A60: =VLOOKUP("CHERRY",table!D1:E8,2,FALSE) -> TRUE
A61: =VLOOKUP("gr*",table!D1:E8,2,FALSE) -> x
A62: =VLOOKUP(40,table!A1:E8,5,FALSE) -> 0
A63: =VLOOKUP(5,table!A1:B8,2) -> #N/A
A64: =VLOOKUP(45,table!F1:G8,2) -> TRUE
A65: =VLOOKUP(30,table!A1:B8,2.7,FALSE) -> r3
A66: =VLOOKUP("zzz",table!D1:E8,2) -> X
A67: =HLOOKUP(3,table!A12:H13,2,FALSE) -> three
A68: =HLOOKUP(3.5,table!A12:H13,2) -> three
A69: =HLOOKUP(3,table!A12:H13,3,FALSE) -> #REF!
A70: =HLOOKUP(0,table!A12:H13,2) -> #N/A
A71: {=LOOKUP(35,table!A1:A8,table!B1:B8)} -> r3
A72: {=LOOKUP(35,table!A1:B8)} -> r3
A73: {=LOOKUP(5,table!A1:A8,table!B1:B8)} -> #N/A
A74: {=LOOKUP(3.5,table!A12:H13)} -> three
A75: {=LOOKUP(9.99E+307,table!A1:A8)} -> 80
A76: {=LOOKUP("zzzz",table!D1:D8)} -> Hazel
A77: {=LOOKUP(35,table!A1:A8,table!A13:H13)} -> three
A78: {=LOOKUP(99,table!A1:A8,table!B1:B4)} -> r8
A79: {=LOOKUP(9.99E+307,table!G1:G9)} -> 50
A80: {=LOOKUP(45,table!F1:F8,table!B1:B8)} -> r6
A81: {=_xlfn.XLOOKUP(30,table!A1:A8,table!B1:B8)} -> r3
A82: {=_xlfn.XLOOKUP(31,table!A1:A8,table!B1:B8,"none")} -> none
A83: {=_xlfn.XLOOKUP(31,table!A1:A8,table!B1:B8)} -> #N/A
A84: {=_xlfn.XLOOKUP(35,table!A1:A8,table!B1:B8,,1)} -> r4
A85: {=_xlfn.XLOOKUP(35,table!A1:A8,table!B1:B8,,-1,2)} -> r3
A86: {=_xlfn.XLOOKUP(30,table!A1:A8,table!B1:B7)} -> #VALUE!
A87: {=_xlfn.XLOOKUP(3,table!A12:H12,table!A13:H13)} -> three
A88: {=_xlfn.XLOOKUP(5,table!E1:E10,table!A1:A10,,0,-1)} -> 60
A89: {=_xlfn.XLOOKUP("b?nana",table!D1:D8,table!A1:A8,,2)} -> 20
A90: {=_xlfn.XLOOKUP(45,table!F1:F8,table!A1:A8,,1)} -> 10
A91: {=_xlfn.XLOOKUP(31,table!A1:A8,table!B1:B8,1/0)} -> #DIV/0!
A92: {=INDEX(table!A1:B8,3,2)} -> r3
A93: {=INDEX(table!A1:A8,4)} -> 40
A94: {=INDEX(table!A12:H12,3)} -> 3
A95: {=INDEX(table!A1:B8,9,1)} -> #REF!
A96: {=INDEX(table!A1:B8,1,3)} -> #REF!
A97: {=INDEX(table!A1:B8,-1,1)} -> #VALUE!
A98: {=INDEX(table!A1:B8,2.9,1.2)} -> 20
A99: {=SUM(INDEX(table!A1:C8,0,1))} -> 360
A100: {=SUM(INDEX(table!A1:C8,2,0))} -> 90
...

Sheet criteria
A1: 10 | B1: 1 | C1: 1 | D1: a | E1: =0.1+0.2 -> 0.3 | F1: É | H1: =COUNTIF(A1:A12,20) -> 3
A2: 20 | B2: 2 | C2: =1/0 -> #DIV/0! | D2: b | F2: é | H2: =COUNTIF(A1:A12,"20") -> 3
A3: 30 | B3: 3 | C3: 3 | D3: a | F3: e | H3: =COUNTIF(A1:A12,"=20") -> 3
A4: 20 | B4: 4 | C4: 4 | D4: b | H4: =COUNTIF(A1:A12,"<>20") -> 10
A5: 20 | B5: 5 | H5: =COUNTIF(A1:A12,">15") -> 3
A6: x | B6: 6 | H6: =COUNTIF(A1:A12,"x") -> 2
A7: X | B7: 7 | H7: =COUNTIF(A1:A12,"x*") -> 2
A8: =TRUE -> TRUE | B8: 8 | H8: =COUNTIF(A1:A12,"?") -> 2
B9: 9 | H9: =COUNTIF(A1:A12,"*") -> 3
A10: 0 | B10: 10 | H10: =COUNTIF(A1:A12,"") -> 1
A11: 0 | B11: 11 | H11: =COUNTIF(A1:A12,"<>") -> 11
A12: 5 | B12: 12 | H12: =COUNTIF(A1:A12,TRUE) -> 1
H13: =COUNTIF(A1:A12,"TRUE") -> 1
H14: =COUNTIF(A1:A12,0) -> 2
H15: =COUNTIF(A1:A12,A4) -> 3
H16: =COUNTIF(A1:A12,A9) -> 2
H17: =SUMIF(A1:A12,20,B1:B12) -> 11
H18: =SUMIF(A1:A12,">15",B1:B12) -> 9
H19: =SUMIF(A1:A12,"x*",B1:B12) -> 13
H20: =SUMIF(A1:A12,"<>20",B1:B12) -> 72
H21: =SUMIF(A1:A12,"",B1:B12) -> 9
H22: =SUMIF(A1:A12,20) -> 40
H23: =SUMIF(D1:D4,"a",C1:C4) -> 4
H24: =SUMIF(D1:D4,"b",C1:C4) -> #DIV/0!
H25: =COUNTIF(C1:C4,1) -> 1
H26: =COUNTIF(C1:C4,"#DIV/0!") -> 1
H27: =SUMIF(A1:A12,20,B1) -> 11
H28: =SUMIF(A1:A3,">15",B1:B12) -> 5
H29: =F1=F2 -> TRUE
H30: =0.1+0.2=0.3 -> TRUE
H31: =MATCH(0.3,E1,0) -> #N/A
H32: =COUNTIF(E1,0.3) -> 1
H33: =VLOOKUP(0.3,E1,1,FALSE) -> #N/A
H34: =COUNTIF(F1:F3,F2) -> 2
H35: =MATCH(F2,F1:F3,0) -> 1
H36: =SUMIF(F1:F3,F1,B1:B3) -> 3
H37: =COUNTIF(A1:A12,"<>x") -> 10
H38: =COUNTIF(A1:A12,"<15") -> 4
